<?xml version="1.0" encoding="UTF-8"?>
<project-private xmlns="http://www.netbeans.org/ns/project-private/1">
    <editor-bookmarks xmlns="http://www.netbeans.org/ns/editor-bookmarks/2" lastBookmarkId="0"/>
    <open-files xmlns="http://www.netbeans.org/ns/projectui-open-files/2">
        <group>
            <file>file:/C:/Users/Hp-admin/Desktop/java/AutomobilepriceAnaysis/src/java/model/vehicle.java</file>
            <file>file:/C:/Users/Hp-admin/Desktop/java/AutomobilepriceAnaysis/src/java/automobile/Car.java</file>
            <file>file:/C:/Users/Hp-admin/Desktop/java/AutomobilepriceAnaysis/src/java/automobile/AutomobilePriceAnalysis.java</file>
            <file>file:/C:/Users/Hp-admin/Desktop/java/AutomobilepriceAnaysis/web/index.jsp</file>
            <file>file:/C:/Users/Hp-admin/Desktop/java/AutomobilepriceAnaysis/src/java/automobile/autocar.java</file>
            <file>file:/C:/Users/Hp-admin/Desktop/java/AutomobilepriceAnaysis/src/java/automobile/WordFrequencyAnalyzer.java</file>
            <file>file:/C:/Users/Hp-admin/Desktop/java/AutomobilepriceAnaysis/src/java/automobile/SpellChecker.java</file>
            <file>file:/C:/Users/Hp-admin/Desktop/java/AutomobilepriceAnaysis/src/java/automobile/search.java</file>
            <file>file:/C:/Users/Hp-admin/Desktop/java/AutomobilepriceAnaysis/web/compare.jsp</file>
        </group>
    </open-files>
</project-private>
